#ip,ioc
1.117.79.251,Possible Cobaltstrike C2 IP
1.13.17.185,Possible Cobaltstrike C2 IP
1.14.205.73,Possible Cobaltstrike C2 IP
1.14.28.172,Possible Cobaltstrike C2 IP
1.14.69.16,Possible Cobaltstrike C2 IP
1.15.248.225,Possible Cobaltstrike C2 IP
1.94.110.130,Possible Cobaltstrike C2 IP
1.94.52.236,Possible Cobaltstrike C2 IP
1.94.67.222,Possible Cobaltstrike C2 IP
100.26.145.203,Possible Cobaltstrike C2 IP
101.132.182.180,Possible Cobaltstrike C2 IP
101.133.156.69,Possible Cobaltstrike C2 IP
101.133.164.210,Possible Cobaltstrike C2 IP
101.200.164.66,Possible Cobaltstrike C2 IP
101.201.224.75,Possible Cobaltstrike C2 IP
101.32.34.196,Possible Cobaltstrike C2 IP
101.34.222.38,Possible Cobaltstrike C2 IP
101.34.46.239,Possible Cobaltstrike C2 IP
101.34.71.193,Possible Cobaltstrike C2 IP
101.34.83.35,Possible Cobaltstrike C2 IP
101.35.141.80,Possible Cobaltstrike C2 IP
101.35.19.133,Possible Cobaltstrike C2 IP
101.35.198.64,Possible Cobaltstrike C2 IP
101.35.21.69,Possible Cobaltstrike C2 IP
101.35.253.212,Possible Cobaltstrike C2 IP
101.35.4.152,Possible Cobaltstrike C2 IP
101.42.223.198,Possible Cobaltstrike C2 IP
101.42.228.86,Possible Cobaltstrike C2 IP
101.42.47.72,Possible Cobaltstrike C2 IP
101.43.103.253,Possible Cobaltstrike C2 IP
101.43.147.69,Possible Cobaltstrike C2 IP
101.43.149.199,Possible Cobaltstrike C2 IP
101.43.156.246,Possible Cobaltstrike C2 IP
101.43.16.149,Possible Cobaltstrike C2 IP
101.43.161.148,Possible Cobaltstrike C2 IP
101.43.183.39,Possible Cobaltstrike C2 IP
101.43.191.108,Possible Cobaltstrike C2 IP
101.43.2.116,Possible Cobaltstrike C2 IP
101.43.215.118,Possible Cobaltstrike C2 IP
101.43.49.244,Possible Cobaltstrike C2 IP
101.43.85.101,Possible Cobaltstrike C2 IP
103.145.191.118,Possible Metasploit C2 IP
103.146.140.99,Possible Cobaltstrike C2 IP
103.150.10.45,Possible Cobaltstrike C2 IP
103.185.249.231,Possible Cobaltstrike C2 IP
103.186.215.56,Possible Cobaltstrike C2 IP
103.253.146.79,Possible Cobaltstrike C2 IP
103.42.214.19,Possible Cobaltstrike C2 IP
103.61.139.69,Possible Cobaltstrike C2 IP
104.143.47.137,Possible Cobaltstrike C2 IP
104.248.170.245,Possible Metasploit C2 IP
106.12.124.212,Possible Cobaltstrike C2 IP
106.14.143.151,Possible Cobaltstrike C2 IP
106.52.163.222,Possible Cobaltstrike C2 IP
106.52.244.189,Possible Cobaltstrike C2 IP
106.53.147.223,Possible Cobaltstrike C2 IP
106.54.228.198,Possible Cobaltstrike C2 IP
106.55.179.114,Possible Cobaltstrike C2 IP
106.55.181.108,Possible Cobaltstrike C2 IP
106.55.181.95,Possible Cobaltstrike C2 IP
107.151.246.236,Possible Cobaltstrike C2 IP
107.172.103.148,Possible Cobaltstrike C2 IP
107.172.16.172,Possible Cobaltstrike C2 IP
107.173.15.230,Possible Cobaltstrike C2 IP
107.174.241.206,Possible Cobaltstrike C2 IP
107.21.35.95,Possible PoshC2 IP
108.61.210.72,Possible Cobaltstrike C2 IP
109.230.238.116,Possible Cobaltstrike C2 IP
109.248.22.135,Possible Metasploit C2 IP
110.40.177.201,Possible Cobaltstrike C2 IP
110.40.184.247,Possible Cobaltstrike C2 IP
110.41.134.233,Possible Cobaltstrike C2 IP
110.42.214.238,Possible Cobaltstrike C2 IP
110.42.248.7,Possible Cobaltstrike C2 IP
111.229.142.238,Possible Cobaltstrike C2 IP
111.229.163.225,Possible Cobaltstrike C2 IP
111.229.187.212,Possible Cobaltstrike C2 IP
111.229.198.177,Possible Cobaltstrike C2 IP
111.230.1.229,Possible Cobaltstrike C2 IP
111.230.103.176,Possible Cobaltstrike C2 IP
111.230.119.183,Possible Cobaltstrike C2 IP
111.230.15.118,Possible Cobaltstrike C2 IP
111.230.30.197,Possible Cobaltstrike C2 IP
111.230.42.149,Possible Cobaltstrike C2 IP
111.231.140.197,Possible Cobaltstrike C2 IP
111.231.146.154,Possible Cobaltstrike C2 IP
111.231.22.61,Possible Cobaltstrike C2 IP
111.90.143.37,Possible Metasploit C2 IP
111.90.151.233,Possible Metasploit C2 IP
111.92.243.236,Possible Cobaltstrike C2 IP
112.124.53.64,Possible Cobaltstrike C2 IP
112.28.231.110,Possible Cobaltstrike C2 IP
114.115.157.144,Possible Cobaltstrike C2 IP
114.132.197.186,Possible Cobaltstrike C2 IP
114.132.218.55,Possible Cobaltstrike C2 IP
114.55.133.151,Possible Cobaltstrike C2 IP
115.159.102.112,Possible Cobaltstrike C2 IP
116.196.106.249,Possible Cobaltstrike C2 IP
116.198.18.151,Possible Cobaltstrike C2 IP
116.211.153.240,Possible Cobaltstrike C2 IP
116.62.130.96,Possible Cobaltstrike C2 IP
116.62.188.205,Possible Cobaltstrike C2 IP
117.50.182.87,Possible Cobaltstrike C2 IP
117.50.185.133,Possible Cobaltstrike C2 IP
117.50.47.141,Possible Cobaltstrike C2 IP
117.72.11.112,Possible Cobaltstrike C2 IP
117.72.46.146,Possible Cobaltstrike C2 IP
118.178.231.68,Possible Cobaltstrike C2 IP
118.194.233.185,Possible Cobaltstrike C2 IP
118.24.128.204,Possible Cobaltstrike C2 IP
118.89.124.242,Possible Cobaltstrike C2 IP
118.89.201.210,Possible Cobaltstrike C2 IP
119.29.225.65,Possible Cobaltstrike C2 IP
119.3.123.9,Possible Cobaltstrike C2 IP
119.3.220.200,Possible Cobaltstrike C2 IP
119.91.144.105,Possible Cobaltstrike C2 IP
119.91.20.97,Possible Cobaltstrike C2 IP
119.91.214.104,Possible Cobaltstrike C2 IP
120.24.179.84,Possible Cobaltstrike C2 IP
120.24.70.197,Possible Cobaltstrike C2 IP
120.26.196.41,Possible Cobaltstrike C2 IP
120.27.131.3,Possible Cobaltstrike C2 IP
120.27.212.14,Possible Cobaltstrike C2 IP
120.27.94.139,Possible Cobaltstrike C2 IP
120.39.197.231,Possible Cobaltstrike C2 IP
120.46.207.190,Possible Cobaltstrike C2 IP
120.48.5.80,Possible Cobaltstrike C2 IP
120.48.58.156,Possible Cobaltstrike C2 IP
120.78.206.231,Possible Cobaltstrike C2 IP
120.79.154.38,Possible Cobaltstrike C2 IP
121.17.123.105,Possible Cobaltstrike C2 IP
121.196.235.124,Possible Cobaltstrike C2 IP
121.36.201.189,Possible Cobaltstrike C2 IP
121.36.226.214,Possible Cobaltstrike C2 IP
121.37.208.189,Possible Cobaltstrike C2 IP
121.37.21.229,Possible Cobaltstrike C2 IP
121.37.215.238,Possible Cobaltstrike C2 IP
121.4.59.117,Possible Cobaltstrike C2 IP
121.4.64.103,Possible Cobaltstrike C2 IP
121.40.175.169,Possible Cobaltstrike C2 IP
121.41.101.90,Possible Cobaltstrike C2 IP
121.41.107.20,Possible Cobaltstrike C2 IP
121.43.33.41,Possible Cobaltstrike C2 IP
121.43.55.149,Possible Cobaltstrike C2 IP
121.43.62.136,Possible Cobaltstrike C2 IP
121.5.128.191,Possible Cobaltstrike C2 IP
121.5.235.93,Possible Cobaltstrike C2 IP
121.5.66.186,Possible Cobaltstrike C2 IP
123.207.50.191,Possible Cobaltstrike C2 IP
123.207.51.53,Possible Cobaltstrike C2 IP
123.56.217.32,Possible Cobaltstrike C2 IP
123.56.251.159,Possible Cobaltstrike C2 IP
123.60.159.23,Possible Cobaltstrike C2 IP
123.60.57.13,Possible Cobaltstrike C2 IP
123.60.74.61,Possible Cobaltstrike C2 IP
124.220.182.36,Possible Cobaltstrike C2 IP
124.220.224.87,Possible Cobaltstrike C2 IP
124.220.91.113,Possible Cobaltstrike C2 IP
124.221.123.55,Possible Cobaltstrike C2 IP
124.221.133.199,Possible Cobaltstrike C2 IP
124.221.15.233,Possible Metasploit C2 IP
124.221.177.165,Possible Cobaltstrike C2 IP
124.221.184.239,Possible Cobaltstrike C2 IP
124.221.209.99,Possible Cobaltstrike C2 IP
124.221.66.75,Possible Cobaltstrike C2 IP
124.222.173.69,Possible Cobaltstrike C2 IP
124.222.213.61,Possible Cobaltstrike C2 IP
124.222.220.126,Possible Cobaltstrike C2 IP
124.222.234.106,Possible Cobaltstrike C2 IP
124.222.24.208,Possible Cobaltstrike C2 IP
124.223.200.131,Possible Cobaltstrike C2 IP
124.223.220.137,Possible Cobaltstrike C2 IP
124.223.64.88,Possible Cobaltstrike C2 IP
124.70.129.64,Possible Cobaltstrike C2 IP
124.70.140.36,Possible Cobaltstrike C2 IP
124.70.180.22,Possible Cobaltstrike C2 IP
124.71.130.71,Possible Cobaltstrike C2 IP
124.71.158.221,Possible Cobaltstrike C2 IP
124.71.38.170,Possible Cobaltstrike C2 IP
124.71.84.65,Possible Cobaltstrike C2 IP
125.128.113.108,Possible Cobaltstrike C2 IP
128.199.71.62,Possible Cobaltstrike C2 IP
129.226.154.245,Possible Cobaltstrike C2 IP
131.153.22.132,Possible Metasploit C2 IP
134.122.0.130,Possible Cobaltstrike C2 IP
134.122.10.106,Possible Cobaltstrike C2 IP
136.243.103.214,Possible Metasploit C2 IP
137.184.117.57,Possible Cobaltstrike C2 IP
137.184.237.252,Possible Cobaltstrike C2 IP
137.184.97.84,Possible Cobaltstrike C2 IP
137.220.55.94,Possible Cobaltstrike C2 IP
138.124.180.159,Possible Cobaltstrike C2 IP
138.68.171.72,Possible Cobaltstrike C2 IP
139.155.148.131,Possible Cobaltstrike C2 IP
139.155.97.79,Possible Cobaltstrike C2 IP
139.162.155.161,Possible Cobaltstrike C2 IP
139.180.192.219,Possible Cobaltstrike C2 IP
139.196.191.50,Possible Cobaltstrike C2 IP
139.199.180.136,Possible Cobaltstrike C2 IP
139.224.207.208,Possible Cobaltstrike C2 IP
139.59.238.68,Possible Cobaltstrike C2 IP
139.9.41.156,Possible Cobaltstrike C2 IP
141.98.81.98,Possible Cobaltstrike C2 IP
142.171.227.68,Possible Cobaltstrike C2 IP
142.93.2.25,Possible Cobaltstrike C2 IP
143.198.101.149,Possible Cobaltstrike C2 IP
143.198.241.192,Possible Cobaltstrike C2 IP
146.19.233.250,Possible Cobaltstrike C2 IP
146.59.10.116,Possible Metasploit C2 IP
147.139.212.210,Possible Cobaltstrike C2 IP
147.182.170.15,Possible Powershell Empire C2 IP
147.78.47.183,Possible Cobaltstrike C2 IP
148.253.105.120,Possible Metasploit C2 IP
148.72.132.181,Possible Cobaltstrike C2 IP
149.104.27.40,Possible Cobaltstrike C2 IP
149.154.66.71,Possible Metasploit C2 IP
15.205.128.169,Possible Cobaltstrike C2 IP
150.107.201.170,Possible Cobaltstrike C2 IP
150.158.135.188,Possible Cobaltstrike C2 IP
150.158.161.38,Possible Cobaltstrike C2 IP
150.158.37.125,Possible Cobaltstrike C2 IP
150.158.51.99,Possible Cobaltstrike C2 IP
152.136.100.26,Possible Cobaltstrike C2 IP
152.136.104.49,Possible Cobaltstrike C2 IP
152.32.174.103,Possible Cobaltstrike C2 IP
154.12.84.6,Possible Cobaltstrike C2 IP
154.3.1.95,Possible Cobaltstrike C2 IP
154.40.52.20,Possible Metasploit C2 IP
154.8.157.205,Possible Cobaltstrike C2 IP
154.82.81.136,Possible Cobaltstrike C2 IP
154.82.81.27,Possible Cobaltstrike C2 IP
154.92.16.150,Possible Cobaltstrike C2 IP
154.92.19.29,Possible Cobaltstrike C2 IP
155.94.170.73,Possible Cobaltstrike C2 IP
156.234.211.226,Possible Cobaltstrike C2 IP
156.240.105.13,Possible Cobaltstrike C2 IP
156.240.105.4,Possible Cobaltstrike C2 IP
156.243.1.71,Possible Metasploit C2 IP
157.245.222.152,Possible Cobaltstrike C2 IP
159.203.25.237,Possible Cobaltstrike C2 IP
159.203.25.245,Possible Cobaltstrike C2 IP
159.203.60.8,Possible Cobaltstrike C2 IP
159.203.67.15,Possible Cobaltstrike C2 IP
159.223.220.165,Possible Cobaltstrike C2 IP
159.223.86.140,Possible Cobaltstrike C2 IP
159.65.130.146,Possible Cobaltstrike C2 IP
159.65.150.184,Possible Cobaltstrike C2 IP
159.75.104.157,Possible Cobaltstrike C2 IP
159.89.187.246,Possible Cobaltstrike C2 IP
161.35.186.154,Possible Cobaltstrike C2 IP
162.14.107.218,Possible Cobaltstrike C2 IP
162.14.77.157,Possible Cobaltstrike C2 IP
164.155.212.249,Possible Cobaltstrike C2 IP
164.90.169.184,Possible Cobaltstrike C2 IP
164.92.116.94,Possible Cobaltstrike C2 IP
165.154.113.120,Possible Cobaltstrike C2 IP
165.154.131.126,Possible Cobaltstrike C2 IP
165.3.113.96,Possible Cobaltstrike C2 IP
167.172.2.185,Possible Powershell Empire C2 IP
167.179.84.218,Possible Cobaltstrike C2 IP
167.71.88.65,Possible Cobaltstrike C2 IP
167.86.127.180,Possible Cobaltstrike C2 IP
167.99.112.140,Possible Cobaltstrike C2 IP
167.99.52.241,Possible Cobaltstrike C2 IP
170.130.165.129,Possible Cobaltstrike C2 IP
170.130.55.104,Possible Cobaltstrike C2 IP
170.130.55.139,Possible Cobaltstrike C2 IP
172.105.192.139,Possible Cobaltstrike C2 IP
172.210.49.188,Possible Metasploit C2 IP
175.178.103.238,Possible Cobaltstrike C2 IP
175.197.65.135,Possible Cobaltstrike C2 IP
175.24.130.231,Possible Cobaltstrike C2 IP
178.128.229.91,Possible Cobaltstrike C2 IP
179.60.147.175,Possible Cobaltstrike C2 IP
179.60.150.34,Possible Cobaltstrike C2 IP
179.60.150.57,Possible Cobaltstrike C2 IP
18.116.36.101,Possible Cobaltstrike C2 IP
18.184.17.94,Possible Cobaltstrike C2 IP
18.192.209.34,Possible Cobaltstrike C2 IP
18.219.198.202,Possible Cobaltstrike C2 IP
180.184.69.31,Possible Cobaltstrike C2 IP
182.43.71.62,Possible Cobaltstrike C2 IP
182.92.216.171,Possible Cobaltstrike C2 IP
182.92.238.31,Possible Cobaltstrike C2 IP
185.11.61.168,Possible Cobaltstrike C2 IP
185.143.223.212,Possible Cobaltstrike C2 IP
185.163.116.210,Possible Powershell Empire C2 IP
185.196.9.234,Possible Cobaltstrike C2 IP
185.234.216.64,Possible PoshC2 IP
185.25.49.232,Possible Metasploit C2 IP
185.3.45.6,Possible Cobaltstrike C2 IP
185.32.126.51,Possible Cobaltstrike C2 IP
185.58.222.140,Possible Metasploit C2 IP
185.81.68.249,Possible Cobaltstrike C2 IP
192.124.176.11,Possible Cobaltstrike C2 IP
192.144.220.12,Possible Cobaltstrike C2 IP
192.144.231.110,Possible Cobaltstrike C2 IP
192.227.155.201,Possible Cobaltstrike C2 IP
192.3.101.133,Possible Cobaltstrike C2 IP
192.3.255.42,Possible Cobaltstrike C2 IP
193.57.137.61,Possible Cobaltstrike C2 IP
194.165.16.55,Possible Cobaltstrike C2 IP
194.165.16.59,Possible Cobaltstrike C2 IP
199.195.251.219,Possible Cobaltstrike C2 IP
20.104.172.62,Possible Cobaltstrike C2 IP
20.104.183.199,Possible Cobaltstrike C2 IP
20.120.177.99,Possible Cobaltstrike C2 IP
20.124.232.200,Possible Cobaltstrike C2 IP
20.163.176.140,Possible Cobaltstrike C2 IP
20.170.19.248,Possible Cobaltstrike C2 IP
20.2.223.43,Possible Cobaltstrike C2 IP
20.5.43.62,Possible Cobaltstrike C2 IP
20.56.70.245,Possible Cobaltstrike C2 IP
203.212.130.2,Possible Metasploit C2 IP
206.204.132.52,Possible Metasploit C2 IP
206.233.133.127,Possible Metasploit C2 IP
206.237.16.117,Possible Cobaltstrike C2 IP
206.237.30.76,Possible Cobaltstrike C2 IP
207.191.226.206,Possible Metasploit C2 IP
210.209.125.194,Possible Cobaltstrike C2 IP
213.109.202.222,Possible Cobaltstrike C2 IP
213.226.123.124,Possible Cobaltstrike C2 IP
213.61.251.56,Possible Cobaltstrike C2 IP
218.94.206.222,Possible Cobaltstrike C2 IP
221.150.72.75,Possible Cobaltstrike C2 IP
223.68.136.206,Possible Cobaltstrike C2 IP
23.168.152.121,Possible Metasploit C2 IP
23.95.44.80,Possible Cobaltstrike C2 IP
23.95.48.151,Possible Metasploit C2 IP
23.95.90.63,Possible Cobaltstrike C2 IP
27.124.20.34,Possible Metasploit C2 IP
3.108.192.191,Possible Cobaltstrike C2 IP
3.72.68.180,Possible Cobaltstrike C2 IP
34.131.18.55,Possible Cobaltstrike C2 IP
34.216.132.82,Possible Cobaltstrike C2 IP
34.243.217.50,Possible Cobaltstrike C2 IP
35.240.254.70,Possible Cobaltstrike C2 IP
35.78.175.21,Possible Cobaltstrike C2 IP
36.110.138.149,Possible Cobaltstrike C2 IP
36.99.39.121,Possible Cobaltstrike C2 IP
38.181.70.201,Possible Cobaltstrike C2 IP
38.27.163.244,Possible Cobaltstrike C2 IP
39.101.198.2,Possible Cobaltstrike C2 IP
39.104.52.1,Possible Cobaltstrike C2 IP
39.105.101.138,Possible Cobaltstrike C2 IP
39.105.143.177,Possible Cobaltstrike C2 IP
39.105.4.90,Possible Cobaltstrike C2 IP
39.105.51.11,Possible Cobaltstrike C2 IP
39.106.26.184,Possible Cobaltstrike C2 IP
39.106.74.90,Possible Cobaltstrike C2 IP
39.107.242.130,Possible Cobaltstrike C2 IP
39.107.70.26,Possible Cobaltstrike C2 IP
39.98.157.4,Possible Cobaltstrike C2 IP
39.98.192.104,Possible Cobaltstrike C2 IP
39.99.128.40,Possible Cobaltstrike C2 IP
4.158.105.167,Possible Cobaltstrike C2 IP
4.193.99.137,Possible Metasploit C2 IP
4.210.191.162,Possible Cobaltstrike C2 IP
40.77.86.17,Possible Cobaltstrike C2 IP
42.192.37.72,Possible Cobaltstrike C2 IP
42.193.16.213,Possible Cobaltstrike C2 IP
42.193.178.194,Possible Cobaltstrike C2 IP
42.193.248.127,Possible Cobaltstrike C2 IP
42.193.98.44,Possible Cobaltstrike C2 IP
42.236.91.107,Possible Cobaltstrike C2 IP
43.134.183.43,Possible Cobaltstrike C2 IP
43.134.23.107,Possible Cobaltstrike C2 IP
43.136.40.231,Possible Cobaltstrike C2 IP
43.136.54.181,Possible Metasploit C2 IP
43.136.58.193,Possible Cobaltstrike C2 IP
43.136.93.47,Possible Metasploit C2 IP
43.138.10.232,Possible Cobaltstrike C2 IP
43.138.104.220,Possible Cobaltstrike C2 IP
43.138.106.54,Possible Cobaltstrike C2 IP
43.138.111.120,Possible Cobaltstrike C2 IP
43.138.150.136,Possible Cobaltstrike C2 IP
43.138.179.199,Possible Cobaltstrike C2 IP
43.138.20.107,Possible Cobaltstrike C2 IP
43.138.212.90,Possible Cobaltstrike C2 IP
43.138.235.42,Possible Cobaltstrike C2 IP
43.138.73.164,Possible Cobaltstrike C2 IP
43.138.75.234,Possible Cobaltstrike C2 IP
43.138.77.115,Possible Cobaltstrike C2 IP
43.139.177.244,Possible Cobaltstrike C2 IP
43.139.189.54,Possible Cobaltstrike C2 IP
43.139.235.226,Possible Cobaltstrike C2 IP
43.142.184.93,Possible Cobaltstrike C2 IP
43.142.191.38,Possible Cobaltstrike C2 IP
43.142.241.70,Possible Cobaltstrike C2 IP
43.143.130.124,Possible Cobaltstrike C2 IP
43.143.143.195,Possible Cobaltstrike C2 IP
43.143.186.7,Possible Cobaltstrike C2 IP
43.143.58.212,Possible Cobaltstrike C2 IP
43.153.222.28,Possible Cobaltstrike C2 IP
43.153.228.97,Possible Cobaltstrike C2 IP
43.204.251.178,Possible Cobaltstrike C2 IP
45.132.237.13,Possible Cobaltstrike C2 IP
45.134.225.245,Possible Cobaltstrike C2 IP
45.135.118.251,Possible Cobaltstrike C2 IP
45.14.66.194,Possible Cobaltstrike C2 IP
45.145.228.117,Possible Cobaltstrike C2 IP
45.148.120.115,Possible Cobaltstrike C2 IP
45.200.14.17,Possible Metasploit C2 IP
45.32.65.63,Possible Metasploit C2 IP
45.32.94.53,Possible Cobaltstrike C2 IP
45.74.36.210,Possible Cobaltstrike C2 IP
45.74.36.78,Possible Cobaltstrike C2 IP
45.76.90.103,Possible Cobaltstrike C2 IP
45.77.160.60,Possible Cobaltstrike C2 IP
45.77.72.150,Possible Cobaltstrike C2 IP
45.84.0.177,Possible Cobaltstrike C2 IP
45.93.20.242,Possible Cobaltstrike C2 IP
46.101.147.204,Possible Cobaltstrike C2 IP
47.100.170.9,Possible Cobaltstrike C2 IP
47.100.229.207,Possible Cobaltstrike C2 IP
47.100.87.177,Possible Cobaltstrike C2 IP
47.103.13.224,Possible Cobaltstrike C2 IP
47.104.179.218,Possible Cobaltstrike C2 IP
47.104.232.113,Possible Cobaltstrike C2 IP
47.104.28.38,Possible Cobaltstrike C2 IP
47.106.117.218,Possible Cobaltstrike C2 IP
47.108.180.121,Possible Cobaltstrike C2 IP
47.109.102.98,Possible Cobaltstrike C2 IP
47.109.106.162,Possible Cobaltstrike C2 IP
47.109.19.188,Possible Cobaltstrike C2 IP
47.109.58.205,Possible Cobaltstrike C2 IP
47.112.227.200,Possible Cobaltstrike C2 IP
47.113.191.88,Possible Cobaltstrike C2 IP
47.113.195.22,Possible Cobaltstrike C2 IP
47.115.203.204,Possible Cobaltstrike C2 IP
47.115.212.213,Possible Cobaltstrike C2 IP
47.115.213.18,Possible Cobaltstrike C2 IP
47.115.225.184,Possible Cobaltstrike C2 IP
47.116.198.16,Possible Cobaltstrike C2 IP
47.117.163.173,Possible Cobaltstrike C2 IP
47.119.19.34,Possible Cobaltstrike C2 IP
47.206.167.222,Possible Cobaltstrike C2 IP
47.236.19.63,Possible Cobaltstrike C2 IP
47.241.225.61,Possible Cobaltstrike C2 IP
47.242.37.176,Possible Cobaltstrike C2 IP
47.243.108.86,Possible Cobaltstrike C2 IP
47.243.175.24,Possible Cobaltstrike C2 IP
47.244.167.171,Possible Cobaltstrike C2 IP
47.52.58.121,Possible Cobaltstrike C2 IP
47.76.150.79,Possible Cobaltstrike C2 IP
47.76.78.183,Possible Cobaltstrike C2 IP
47.92.158.101,Possible Cobaltstrike C2 IP
47.92.205.12,Possible Cobaltstrike C2 IP
47.92.246.30,Possible Cobaltstrike C2 IP
47.92.99.156,Possible Cobaltstrike C2 IP
47.93.216.2,Possible Cobaltstrike C2 IP
47.93.254.171,Possible Cobaltstrike C2 IP
47.94.120.34,Possible Cobaltstrike C2 IP
47.94.138.63,Possible Cobaltstrike C2 IP
47.94.221.227,Possible Cobaltstrike C2 IP
47.94.241.49,Possible Cobaltstrike C2 IP
47.94.43.210,Possible Cobaltstrike C2 IP
47.96.174.24,Possible Cobaltstrike C2 IP
47.99.151.68,Possible Cobaltstrike C2 IP
47.99.171.179,Possible Cobaltstrike C2 IP
47.99.177.59,Possible Cobaltstrike C2 IP
47.99.57.95,Possible Cobaltstrike C2 IP
47.99.93.124,Possible Cobaltstrike C2 IP
49.233.44.237,Possible Cobaltstrike C2 IP
49.65.125.131,Possible Cobaltstrike C2 IP
5.101.0.241,Possible Cobaltstrike C2 IP
5.101.0.245,Possible Cobaltstrike C2 IP
5.42.66.14,Possible Cobaltstrike C2 IP
5.59.233.207,Possible Metasploit C2 IP
50.31.0.8,Possible Metasploit C2 IP
52.190.15.163,Possible Cobaltstrike C2 IP
52.195.16.11,Possible Cobaltstrike C2 IP
52.253.108.7,Possible Cobaltstrike C2 IP
54.226.3.99,Possible Cobaltstrike C2 IP
58.51.152.18,Possible Cobaltstrike C2 IP
59.110.172.50,Possible Cobaltstrike C2 IP
59.110.239.104,Possible Cobaltstrike C2 IP
59.110.6.123,Possible Cobaltstrike C2 IP
60.204.133.143,Possible Cobaltstrike C2 IP
60.204.151.115,Possible Cobaltstrike C2 IP
60.204.187.184,Possible Cobaltstrike C2 IP
60.205.115.92,Possible Cobaltstrike C2 IP
61.159.80.241,Possible Cobaltstrike C2 IP
61.170.44.209,Possible Cobaltstrike C2 IP
61.170.84.253,Possible Cobaltstrike C2 IP
61.170.88.228,Possible Cobaltstrike C2 IP
62.234.13.73,Possible Cobaltstrike C2 IP
64.225.12.181,Possible Cobaltstrike C2 IP
64.227.152.252,Possible Metasploit C2 IP
68.183.86.12,Possible Metasploit C2 IP
72.10.160.162,Possible Metasploit C2 IP
74.235.140.183,Possible Cobaltstrike C2 IP
74.48.184.88,Possible Cobaltstrike C2 IP
77.242.250.36,Possible Cobaltstrike C2 IP
78.141.217.186,Possible Cobaltstrike C2 IP
79.124.40.106,Possible Cobaltstrike C2 IP
8.130.138.242,Possible Metasploit C2 IP
8.130.24.142,Possible Cobaltstrike C2 IP
8.130.66.2,Possible Cobaltstrike C2 IP
8.130.79.120,Possible Cobaltstrike C2 IP
8.134.165.196,Possible Cobaltstrike C2 IP
8.134.219.118,Possible Cobaltstrike C2 IP
8.134.221.219,Possible Cobaltstrike C2 IP
8.136.241.0,Possible Cobaltstrike C2 IP
8.140.122.248,Possible Cobaltstrike C2 IP
8.140.135.23,Possible Cobaltstrike C2 IP
8.141.13.130,Possible Cobaltstrike C2 IP
8.210.65.76,Possible Cobaltstrike C2 IP
8.212.0.206,Possible Cobaltstrike C2 IP
8.212.44.149,Possible Cobaltstrike C2 IP
8.212.49.116,Possible Cobaltstrike C2 IP
8.218.137.213,Possible Cobaltstrike C2 IP
8.219.229.99,Possible Cobaltstrike C2 IP
8.219.54.123,Possible Cobaltstrike C2 IP
8.222.154.119,Possible Cobaltstrike C2 IP
8.222.165.110,Possible Cobaltstrike C2 IP
8.222.206.196,Possible Cobaltstrike C2 IP
80.66.75.53,Possible Cobaltstrike C2 IP
80.85.154.37,Possible Cobaltstrike C2 IP
81.17.18.26,Possible Metasploit C2 IP
81.17.20.66,Possible Metasploit C2 IP
81.19.138.57,Possible Cobaltstrike C2 IP
81.68.248.191,Possible Cobaltstrike C2 IP
81.69.242.185,Possible Cobaltstrike C2 IP
81.70.29.244,Possible Cobaltstrike C2 IP
81.71.140.170,Possible Cobaltstrike C2 IP
82.156.125.53,Possible Cobaltstrike C2 IP
82.156.177.149,Possible Cobaltstrike C2 IP
82.157.143.63,Possible Cobaltstrike C2 IP
82.157.154.247,Possible Cobaltstrike C2 IP
82.157.169.10,Possible Cobaltstrike C2 IP
82.157.17.183,Possible Cobaltstrike C2 IP
82.157.69.161,Possible Cobaltstrike C2 IP
83.212.86.169,Possible Metasploit C2 IP
83.97.20.141,Possible Cobaltstrike C2 IP
84.32.188.104,Possible Cobaltstrike C2 IP
85.175.101.203,Possible Cobaltstrike C2 IP
85.208.109.15,Possible Cobaltstrike C2 IP
86.106.20.179,Possible Cobaltstrike C2 IP
88.214.25.235,Possible Cobaltstrike C2 IP
88.214.25.254,Possible Cobaltstrike C2 IP
88.214.25.36,Possible Cobaltstrike C2 IP
88.214.26.54,Possible Cobaltstrike C2 IP
88.214.27.74,Possible Cobaltstrike C2 IP
89.116.44.121,Possible Cobaltstrike C2 IP
91.219.215.6,Possible Metasploit C2 IP
91.245.253.85,Possible Cobaltstrike C2 IP
91.92.251.181,Possible Metasploit C2 IP
92.8.139.124,Possible PoshC2 IP
93.95.225.253,Possible Metasploit C2 IP
94.20.88.63,Possible Cobaltstrike C2 IP
94.228.118.45,Possible Cobaltstrike C2 IP
94.242.61.116,Possible Metasploit C2 IP
95.141.41.8,Possible Cobaltstrike C2 IP
95.164.35.233,Possible Cobaltstrike C2 IP
95.164.87.22,Possible Cobaltstrike C2 IP
95.76.60.53,Possible Metasploit C2 IP
